{
  "LogisticRegression": {
    "F1": 0.9806022165846144,
    "Precision": 0.9812003150650471,
    "Recall": 0.9804295942720763,
    "AUC": 0.9941677108264994
  },
  "RandomForest": {
    "F1": 0.9885901497200128,
    "Precision": 0.9887230036592225,
    "Recall": 0.98854415274463,
    "AUC": 0.9978904219906313
  },
  "XGBoost": {
    "F1": 0.9871596819881507,
    "Precision": 0.9872800866908202,
    "Recall": 0.9871121718377088,
    "AUC": 0.9980304769622077
  },
  "LightGBM": {
    "F1": 0.9842958721073035,
    "Precision": 0.9843922105945188,
    "Recall": 0.9842482100238663,
    "AUC": 0.9981155103378075
  },
  "GradientBoosting": {
    "F1": 0.985237799167554,
    "Precision": 0.9853023070310766,
    "Recall": 0.9852028639618139,
    "AUC": 0.9955069864921982
  }
}